keyword,intent,competition
digital marketing strategies for SaaS,informational,medium
best SaaS digital marketing tools,commercial,medium
SaaS digital marketing agency,transactional,high
how to improve SaaS sales with digital marketing,informational,medium
digital marketing trends in SaaS,informational,medium
SaaS digital marketing case studies,informational,low
digital marketing software for SaaS companies,commercial,high
SaaS SEO strategies,informational,medium
SaaS PPC advertising tips,informational,medium
SaaS digital marketing courses,transactional,medium
